#,Project Name,Category,Difficulty,Product Problem,Key PM Skill,Hardest Tech,Core Technologies,PM Artifacts
1,Customer 360 Analytics Platform,Data & Analytics,Hard,"Enterprises have customer data scattered across CRM, support tickets, billing, and usage logs","User research, data strategy",Kafka + Python ML,"Kafka, Python, Elixir/Phoenix, PostgreSQL, SQL Server, React.js, Power BI, Docker, AWS","PRD, user stories, feature prioritization matrix, A/B test plan, OKRs"
2,Product Usage Analytics & Feature Adoption Tracker,Data & Analytics,Hard,"SaaS companies need to understand feature adoption, drop-off, and retention drivers","Product metrics, retention",Rust SDK + Elixir streams,"Rust, Kafka, Elixir, PostgreSQL, Python, React.js, Power BI, Excel, Docker, AWS","Feature adoption funnel specs, retention metrics, cohort segmentation, backlog prioritization"
3,A/B Testing & Experimentation Platform,Data & Analytics,Expert,"Companies need self-hosted experimentation engine for features, pricing, UX with statistical rigor","Experimentation, statistical rigor",Python Bayesian + Rust hashing,"Rust, Kafka, Python, Elixir/Phoenix, PostgreSQL, React.js, Power BI, Docker, AWS","Experimentation playbook, sample size calculators, guardrail metrics, review checklist"
4,Business Intelligence Self-Service Portal,Data & Analytics,Hard,"Non-technical stakeholders depend on data teams for every report","Stakeholder empowerment",Rust SQL parser,"Rust, Elixir/Phoenix, PostgreSQL, SQL Server, Python, React.js, Excel, Power BI, Docker, AWS","User personas, query guardrails design, data governance policy"
5,Feature Flag & Release Management Platform,Platform & Internal Tools,Hard,"Engineering teams need controlled rollouts without redeploying; PMs need visibility","Release management, rollout strategy",C++ SDK + Elixir PubSub,"C++, Rust, Elixir, Kafka, PostgreSQL, React.js, Python, Power BI, Docker, AWS","Rollout playbook, targeting rule taxonomy, rollback criteria, launch readiness checklist"
6,Incident Management & Postmortem Platform,Platform & Internal Tools,Medium,"Teams scramble across tools during incidents; need unified platform to reduce MTTR","SLA ownership, reliability",Elixir OTP + Kafka,"Elixir/Erlang, Kafka, Python, PostgreSQL, React.js, Power BI, Excel, Docker, AWS","Incident severity taxonomy, SLA definitions, postmortem template, reliability OKRs"
7,Internal Developer Portal (Backstage-lite),Platform & Internal Tools,Hard,"Large orgs have hundreds of microservices with no central catalog","Internal product, adoption",Rust search + Elixir plugins,"Elixir, Rust, PostgreSQL, React.js, Python, Docker, AWS, Git/GitHub","Service maturity model, adoption metrics, onboarding funnel"
8,API Gateway & Rate Limiting Platform,Platform & Internal Tools,Expert,"Companies exposing APIs need usage tracking, rate limiting, key management, dev docs","Monetization, partner management",Rust networking,"Rust, Elixir/Phoenix, Kafka, Python, Power BI, PostgreSQL, React.js, Docker, AWS","API tier/plan definitions, rate limit policies, developer onboarding journey, monetization model"
9,Project & Sprint Management Tool (Jira-lite),Workflow & Collaboration,Medium,"Teams need lightweight Agile tracker enforcing good practices without enterprise bloat","Agile, backlog management",Elixir Channels + React DnD,"Elixir/Phoenix, Rust, PostgreSQL, React.js, Power BI, Excel, Python, C++, Docker, AWS","Sprint ceremony templates, Definition of Done, velocity tracking, product roadmap"
10,Approval Workflow & Document Management System,Workflow & Collaboration,Medium,"Enterprises manage approvals via email chains and spreadsheets","Process design, compliance",Elixir state machines,"Elixir, Python, PostgreSQL, SQL Server, React.js, Power BI, Excel, Docker, AWS","Workflow templates, SLA definitions, compliance checklist, user role matrix (RBAC)"
11,Customer Support Ticket System with Smart Routing,Workflow & Collaboration,Hard,"Support teams manually triage tickets leading to misrouting and SLA breaches","Customer experience, SLAs",Python NLP + Kafka,"Kafka, Python, Elixir/Phoenix, PostgreSQL, React.js, Power BI, Excel, Docker, AWS","Ticket category taxonomy, SLA tiers, escalation rules, CSAT survey, routing accuracy OKRs"
12,Event-Driven Notification Service (Multi-Channel),Data Pipeline & Infra,Hard,"Products need multi-channel messaging with different delivery guarantees and preferences","Channel strategy, user preferences",Erlang/OTP concurrency,"Kafka, Elixir/Erlang, Rust, PostgreSQL, Python, Power BI, React.js, Docker, AWS","Notification channel priority matrix, opt-in/opt-out UX, delivery SLA, template governance"
13,Data Pipeline Orchestration & Monitoring (Airflow-lite),Data Pipeline & Infra,Expert,"Data teams lack visibility into pipeline failures, run times, data quality, dependencies","Data ops, observability",Elixir DAG scheduler,"Elixir, Python, Rust, Kafka, PostgreSQL, React.js, Power BI, Excel, Docker, AWS","Pipeline SLA definitions, alerting escalation, data quality scorecard, capacity planning"
14,Change Data Capture (CDC) & Data Sync Platform,Data Pipeline & Infra,Expert,"Keeping databases, caches, search indexes, and warehouses in sync","Data architecture, consistency",Rust WAL reader,"Rust, Kafka, Elixir, Python, PostgreSQL, SQL Server, React.js, Power BI, Docker, AWS","Sync SLA guarantees, data consistency model, onboarding playbook"
15,Role-Based Access Control (RBAC) & Audit Platform,Security & Compliance,Hard,"Managing access across dozens of services at scale is a security nightmare","Security, compliance",Rust policy engine,"Rust, Elixir/Phoenix, Kafka, Python, PostgreSQL, React.js, Power BI, Excel, Docker, AWS","Permission taxonomy, role hierarchy, compliance report templates, access review workflow"
16,Vulnerability & Dependency Scanner Dashboard,Security & Compliance,Hard,"Tracking CVEs, license risks, and outdated packages across repos is manual","Risk management, compliance",Rust + GitHub integration,"Rust, Kafka, Elixir/Phoenix, Python, PostgreSQL, React.js, Power BI, Excel, Docker, AWS, Git/GitHub","Risk scoring methodology, remediation SLA, compliance posture dashboard, SBOM definition"
17,Multi-Tenant SaaS Subscription & Billing Platform,User-Facing SaaS,Expert,"Every SaaS needs subscription management, usage metering, invoicing, plan upgrades","Pricing strategy, revenue",Elixir billing logic,"Kafka, Elixir, Rust, PostgreSQL, SQL Server, React.js, Power BI, Excel, Python, Docker, AWS","Pricing model, plan comparison matrix, billing FAQ, revenue OKRs, upgrade/downgrade flows"
18,URL Shortener with Enterprise Analytics,User-Facing SaaS,Medium,"Marketing teams need branded short links with click analytics and campaign attribution","Marketing analytics, campaigns",Rust redirect engine,"Rust, Kafka, Elixir/Phoenix, Python, Power BI, PostgreSQL, React.js, Docker, AWS","Campaign attribution model, link expiry policies, team RBAC, UTM strategy"
19,Feedback & Survey Platform (Typeform-lite),User-Facing SaaS,Medium,"Product teams need continuous feedback without expensive tools; self-hosted = data ownership","User research, feedback loops",Python NLP + Elixir Channels,"Elixir/Phoenix, Kafka, Python, PostgreSQL, React.js, Power BI, Excel, Rust, Docker, AWS","Survey templates (NPS/CSAT/PMF), response rate optimization, feedback loop process"
20,Job Board & Applicant Tracking System (ATS),User-Facing SaaS,Hard,"Startups need affordable ATS with job posting, pipeline tracking, hiring analytics","Hiring funnel, marketplace dynamics",Python NLP + Rust search,"Elixir/Phoenix, Python, Rust, Kafka, PostgreSQL, React.js, Power BI, Excel, Docker, AWS","Hiring pipeline stages, candidate scoring, DEI reporting, job templates, recruiter journey map"